{
    "name": "root",
    "metadata": {
        "timer_format_version": "0.1.0",
        "start_time_seconds": "1737807619",
        "python_version": "3.10.12 | packaged by Anaconda, Inc. | (main, Jul  5 2023, 19:01:18) [MSC v.1916 64 bit (AMD64)]",
        "command_line_arguments": "\\\\?\\C:\\Users\\adri_\\anaconda3\\envs\\mlagents\\Scripts\\mlagents-learn --force",
        "mlagents_version": "1.1.0",
        "mlagents_envs_version": "1.1.0",
        "communication_protocol_version": "1.5.0",
        "pytorch_version": "2.2.2+cu121",
        "numpy_version": "1.23.5",
        "end_time_seconds": "1737807701"
    },
    "total": 81.8185480000102,
    "count": 1,
    "self": 0.005959000016446225,
    "children": {
        "run_training.setup": {
            "total": 0.10281709999253508,
            "count": 1,
            "self": 0.10281709999253508
        },
        "TrainerController.start_learning": {
            "total": 81.70977190000121,
            "count": 1,
            "self": 0.00015310001617763191,
            "children": {
                "TrainerController._reset_env": {
                    "total": 6.800966099996003,
                    "count": 1,
                    "self": 6.800966099996003
                },
                "TrainerController.advance": {
                    "total": 74.73963009999716,
                    "count": 1,
                    "self": 4.4899992644786835e-05,
                    "children": {
                        "env_step": {
                            "total": 74.73958520000451,
                            "count": 1,
                            "self": 74.62001690000761,
                            "children": {
                                "SubprocessEnvManager._take_step": {
                                    "total": 0.11956829999689944,
                                    "count": 1,
                                    "self": 8.179999713320285e-05,
                                    "children": {
                                        "TorchPolicy.evaluate": {
                                            "total": 0.11948649999976624,
                                            "count": 1,
                                            "self": 0.11948649999976624
                                        }
                                    }
                                }
                            }
                        }
                    }
                },
                "TrainerController._save_models": {
                    "total": 0.16902259999187663,
                    "count": 1,
                    "self": 0.007836699995095842,
                    "children": {
                        "RLTrainer._checkpoint": {
                            "total": 0.1611858999967808,
                            "count": 1,
                            "self": 0.1611858999967808
                        }
                    }
                }
            }
        }
    }
}